City_ID,City,Country,Date,Lat,Lng,Max Temp,Humidity,Cloudiness,Wind Speed
0,Ilulissat,GL,2022-10-01 04:44:46,69.2167,-51.1,30.22,93,75,0.0
1,Grindavik,IS,2022-10-01 04:44:46,63.8424,-22.4338,48.15,87,75,25.32
2,Thunder Bay,CA,2022-10-01 04:44:46,48.4001,-89.3168,48.18,87,40,2.3
3,Najran,SA,2022-10-01 04:44:47,17.4924,44.1277,68.65,14,0,4.16
4,Vestmannaeyjar,IS,2022-10-01 04:44:47,63.4427,-20.2734,47.14,88,100,15.84
5,Sabang,ID,2022-10-01 04:44:48,5.8933,95.3214,81.25,79,92,13.65
6,Sobolevo,RU,2022-10-01 04:44:48,54.4299,31.8996,49.55,96,100,5.19
7,Vaini,TO,2022-10-01 04:44:48,-21.2,-175.2,77.16,78,20,9.22
8,Castro,BR,2022-10-01 04:44:49,-24.7911,-50.0119,53.49,99,99,3.65
9,Ribeira Grande,PT,2022-10-01 04:44:49,38.5167,-28.7,70.38,71,23,14.09
10,Ossora,RU,2022-10-01 04:44:50,59.2353,163.0719,45.88,69,100,3.02
11,Kamaishi,JP,2022-10-01 04:44:50,39.2667,141.8833,75.27,63,65,9.57
12,Tuatapere,NZ,2022-10-01 04:44:50,-46.1333,167.6833,48.49,64,2,6.33
13,Rikitea,PF,2022-10-01 04:44:51,-23.1203,-134.9692,73.53,74,3,11.14
14,Guerrero Negro,MX,2022-10-01 04:44:51,27.9769,-114.0611,70.38,83,6,13.56
15,Port Alfred,ZA,2022-10-01 04:44:52,-33.5906,26.891,59.18,90,100,5.01
16,East London,ZA,2022-10-01 04:44:52,-33.0153,27.9116,59.94,88,0,9.22
17,Longyearbyen,SJ,2022-10-01 04:44:52,78.2186,15.6401,35.44,100,100,6.91
18,Wenling,CN,2022-10-01 04:44:53,28.3669,121.36,82.67,74,3,10.6
19,Yakima,US,2022-10-01 04:44:53,46.4665,-120.6678,63.84,72,0,3.44
20,Jamestown,US,2022-10-01 04:44:53,42.097,-79.2353,48.02,91,0,6.91
21,Bredasdorp,ZA,2022-10-01 04:44:54,-34.5322,20.0403,54.25,81,100,2.82
22,Kahului,US,2022-10-01 04:44:54,20.8947,-156.47,82.42,71,20,17.27
23,Georgetown,MY,2022-10-01 04:41:55,5.4112,100.3354,84.15,79,20,4.61
24,Sedkyrkeshch,RU,2022-10-01 04:44:55,61.75,50.9167,41.45,100,100,11.18
25,Clyde River,CA,2022-10-01 04:44:55,70.4692,-68.5914,30.43,80,100,28.77
26,Koumac,NC,2022-10-01 04:44:56,-20.5667,164.2833,74.68,60,14,10.56
27,Kruisfontein,ZA,2022-10-01 04:44:56,-34.0033,24.7314,53.89,77,34,7.76
28,Shache,CN,2022-10-01 04:44:56,38.4167,77.2406,78.37,14,67,16.64
29,Busselton,AU,2022-10-01 04:44:57,-33.65,115.3333,69.8,50,89,11.95
30,Avarua,CK,2022-10-01 04:44:57,-21.2078,-159.775,71.65,64,13,10.36
31,Ushuaia,AR,2022-10-01 04:44:57,-54.8,-68.3,37.11,95,99,8.08
32,Zyryanka,RU,2022-10-01 04:44:58,65.75,150.85,32.13,60,100,16.62
33,Acajutla,SV,2022-10-01 04:44:59,13.5928,-89.8275,77.67,85,79,3.18
34,Albany,US,2022-10-01 04:44:59,42.6001,-73.9662,46.81,86,100,2.59
35,Yellowknife,CA,2022-10-01 04:44:18,62.456,-114.3525,50.56,93,75,10.36
36,Okhotsk,RU,2022-10-01 04:45:00,59.3833,143.3,40.32,74,100,14.67
37,Faanui,PF,2022-10-01 04:45:00,-16.4833,-151.75,78.26,67,19,5.26
38,Kodiak,US,2022-10-01 04:45:00,57.79,-152.4072,42.31,81,0,4.61
39,Puerto Ayora,EC,2022-10-01 04:45:01,-0.7393,-90.3518,63.55,99,85,3.0
40,Hilo,US,2022-10-01 04:45:02,19.7297,-155.09,81.28,78,20,5.75
41,Kerchevskiy,RU,2022-10-01 04:45:02,59.946,56.2884,37.26,77,100,8.32
42,Hermanus,ZA,2022-10-01 04:45:02,-34.4187,19.2345,58.14,70,100,3.2
43,Amalapuram,IN,2022-10-01 04:45:03,16.5833,82.0167,75.9,95,100,6.96
44,Portland,US,2022-10-01 04:40:06,45.5234,-122.6762,67.08,80,0,7.0
45,Vostok,RU,2022-10-01 04:45:03,46.4856,135.8833,50.31,91,93,6.67
46,Bereda,ES,2022-10-01 04:45:04,43.2686,-7.5406,52.57,99,73,2.71
47,Agadez,NE,2022-10-01 04:45:04,19.75,10.25,84.88,37,18,8.23
48,Atuona,PF,2022-10-01 04:45:05,-9.8,-139.0333,77.02,72,4,17.4
49,Huilong,CN,2022-10-01 04:46:05,31.8111,121.655,83.93,81,20,15.1
50,Pevek,RU,2022-10-01 04:46:06,69.7008,170.3133,33.62,78,100,3.71
51,Norman Wells,CA,2022-10-01 04:46:06,65.282,-126.8329,37.44,100,40,0.0
52,Port Macquarie,AU,2022-10-01 04:46:07,-31.4333,152.9167,61.9,69,80,12.28
53,Keti Bandar,PK,2022-10-01 04:46:07,24.1447,67.4497,84.34,62,0,15.3
54,Les Cayes,HT,2022-10-01 04:46:07,18.2,-73.75,77.63,84,55,1.77
55,Bambanglipuro,ID,2022-10-01 04:46:08,-7.95,110.2833,81.68,78,92,12.37
56,Baiyin,CN,2022-10-01 04:46:08,36.5583,104.2081,76.71,29,22,11.5
57,Pucara,PE,2022-10-01 04:46:09,-15.9803,-71.4606,33.93,11,29,4.41
58,Turukhansk,RU,2022-10-01 04:46:09,65.8167,87.9833,34.63,62,99,12.12
59,Avera,US,2022-10-01 04:46:10,33.194,-82.5271,62.65,92,99,3.67
60,Omboue,GA,2022-10-01 04:46:10,-1.5746,9.2618,74.89,91,100,5.75
61,Millinocket,US,2022-10-01 04:45:34,45.6573,-68.7098,46.51,93,0,0.0
62,Lokoja,NG,2022-10-01 04:46:11,7.8024,6.743,72.52,98,93,2.62
63,Lebu,CL,2022-10-01 04:46:12,-37.6167,-73.65,50.7,94,100,12.95
64,Paamiut,GL,2022-10-01 04:46:12,61.994,-49.6678,36.46,98,100,12.84
65,Nanortalik,GL,2022-10-01 04:46:12,60.1432,-45.2371,41.14,95,100,8.05
66,Rio Gallegos,AR,2022-10-01 04:46:13,-51.6226,-69.2181,46.45,39,100,18.41
67,Aklavik,CA,2022-10-01 04:42:23,68.2191,-135.0107,32.63,100,100,4.29
68,Hithadhoo,MV,2022-10-01 04:46:13,-0.6,73.0833,81.41,74,91,10.98
69,Victoria,HK,2022-10-01 04:45:07,22.2855,114.1577,91.18,77,33,11.99
70,Mafinga,TZ,2022-10-01 04:46:14,-7.25,35.0667,70.57,53,8,6.2
71,Cape Town,ZA,2022-10-01 04:41:54,-33.9258,18.4232,60.39,79,0,5.99
72,Punta Arenas,CL,2022-10-01 04:42:20,-53.15,-70.9167,44.71,65,40,25.32
73,Harij,IN,2022-10-01 04:46:15,23.7,71.9,87.75,49,0,10.16
74,Salta,AR,2022-10-01 04:42:46,-24.7859,-65.4117,53.58,72,0,4.61
75,Chuy,UY,2022-10-01 04:46:16,-33.6971,-53.4616,54.46,95,100,4.72
76,Mataura,NZ,2022-10-01 04:46:17,-46.1927,168.8643,51.48,46,0,5.68
77,Barrow,US,2022-10-01 04:45:18,71.2906,-156.7887,30.22,80,100,10.36
78,Tasiilaq,GL,2022-10-01 04:46:17,65.6145,-37.6368,42.96,81,100,6.62
79,Kapaa,US,2022-10-01 04:46:18,22.0752,-159.319,82.38,80,75,9.22
80,Trairi,BR,2022-10-01 04:46:18,-3.2778,-39.2689,77.59,81,88,12.5
81,Kenai,US,2022-10-01 04:46:19,60.5544,-151.2583,44.69,93,0,4.61
82,Hobart,AU,2022-10-01 04:46:19,-42.8794,147.3294,60.26,53,40,8.05
83,Guiglo,CI,2022-10-01 04:46:20,6.5456,-7.4966,70.72,99,93,3.83
84,Derzhavinsk,KZ,2022-10-01 04:46:20,51.1,66.3167,36.86,38,0,12.57
85,Broome,US,2022-10-01 04:46:21,42.2506,-75.833,50.02,82,0,6.91
86,Coahuayana,MX,2022-10-01 04:46:21,18.7333,-103.6833,76.95,92,83,2.91
87,Bantogon,PH,2022-10-01 04:46:21,6.5333,124.0333,83.44,75,79,3.78
88,Nikolskoye,RU,2022-10-01 04:46:22,59.7035,30.7861,42.69,97,43,4.47
89,Soyo,AO,2022-10-01 04:46:22,-6.1349,12.3689,74.34,93,100,8.81
90,Laguna,US,2022-10-01 04:46:23,38.421,-121.4238,76.08,52,0,5.75
91,Tongchuan,CN,2022-10-01 04:46:23,35.0806,109.0897,63.84,97,100,5.08
92,Mareeba,AU,2022-10-01 04:46:24,-17.0,145.4333,85.44,54,42,11.63
93,Coquimbo,CL,2022-10-01 04:43:16,-29.9533,-71.3436,55.13,94,100,5.75
94,Oeiras,BR,2022-10-01 04:47:24,-7.0253,-42.1311,75.83,38,92,6.26
95,Carnarvon,AU,2022-10-01 04:47:25,-24.8667,113.6333,74.01,56,0,21.65
96,Bathsheba,BB,2022-10-01 04:47:25,13.2167,-59.5167,83.01,83,75,17.27
97,Qaqortoq,GL,2022-10-01 04:47:26,60.7167,-46.0333,38.5,95,100,6.6
98,Luderitz,NA,2022-10-01 04:47:26,-26.6481,15.1594,56.28,63,14,12.95
99,Ponta Do Sol,PT,2022-10-01 04:47:27,32.6667,-17.1,70.72,76,82,8.23
100,Nabannagan,PH,2022-10-01 04:47:27,18.0715,121.5338,90.7,57,10,4.85
101,Cornwall,CA,2022-10-01 04:47:27,45.0181,-74.7281,47.84,93,0,0.0
102,Puerto Rondon,CO,2022-10-01 04:47:28,6.2805,-71.1,73.4,95,100,5.28
103,Kaoma,ZM,2022-10-01 04:47:28,-14.7833,24.8,67.57,33,42,5.14
104,Bluff,NZ,2022-10-01 04:47:29,-46.6,168.3333,51.8,60,3,7.34
105,Ancud,CL,2022-10-01 04:47:29,-41.8697,-73.8203,42.87,91,20,5.7
106,Khatanga,RU,2022-10-01 04:47:29,71.9667,102.5,31.14,96,100,14.12
107,Arraial Do Cabo,BR,2022-10-01 04:47:30,-22.9661,-42.0278,67.28,78,100,19.22
108,Skibbereen,IE,2022-10-01 04:47:30,51.55,-9.2667,56.7,79,64,17.85
109,Rawson,AR,2022-10-01 04:47:30,-43.3002,-65.1023,54.01,63,21,6.78
110,Karasjok,NO,2022-10-01 04:47:31,69.4719,25.5112,31.87,81,56,2.73
111,Namibe,AO,2022-10-01 04:47:31,-15.1961,12.1522,67.23,88,23,3.53
112,Hovd,MN,2022-10-01 04:47:32,48.0056,91.6419,30.15,29,6,7.83
113,Phan Thiet,VN,2022-10-01 04:47:32,10.9333,108.1,88.18,59,100,6.04
114,Aykhal,RU,2022-10-01 04:47:32,66.0,111.5,21.76,85,93,4.99
115,New Norfolk,AU,2022-10-01 04:47:33,-42.7826,147.0587,59.92,46,4,1.01
116,Elko,US,2022-10-01 04:44:01,41.0002,-115.5012,53.62,53,53,11.99
117,Talnakh,RU,2022-10-01 04:47:34,69.4865,88.3972,29.21,90,100,6.85
118,Dubti,ET,2022-10-01 04:47:34,11.7361,41.0853,89.85,36,17,3.04
119,Butaritari,KI,2022-10-01 04:47:34,3.0707,172.7902,82.26,76,94,14.23
120,Bengkulu,ID,2022-10-01 04:47:35,-3.8004,102.2655,81.88,79,77,7.81
121,Umm Lajj,SA,2022-10-01 04:47:35,25.0213,37.2685,91.72,32,0,12.91
122,San Patricio,US,2022-10-01 04:47:35,28.017,-97.5169,78.84,55,0,7.63
123,Fortuna,US,2022-10-01 04:47:36,40.5982,-124.1573,57.65,79,15,2.64
124,Linhai,CN,2022-10-01 04:47:36,28.85,121.1167,95.94,36,19,5.28
125,Zwedru,LR,2022-10-01 04:47:37,6.0667,-8.1281,70.32,100,99,2.57
126,Hanko,FI,2022-10-01 04:47:37,59.8333,22.95,52.48,77,48,18.59
127,Kaduqli,SD,2022-10-01 04:47:37,11.0167,29.7167,73.2,85,90,3.42
128,Praia,CV,2022-10-01 04:47:38,14.9215,-23.5087,79.34,89,75,10.36
129,Vikhorevka,RU,2022-10-01 04:47:38,56.1201,101.1636,27.99,87,100,7.02
130,Buncrana,IE,2022-10-01 04:47:39,55.1333,-7.45,50.56,86,60,18.84
131,Narasannapeta,IN,2022-10-01 04:43:10,18.4167,84.05,86.45,67,62,5.68
132,Arlit,NE,2022-10-01 04:47:39,18.7369,7.3853,86.36,36,47,8.08
133,Thompson,CA,2022-10-01 04:45:47,55.7435,-97.8558,26.76,93,20,4.61
134,Torbay,CA,2022-10-01 04:47:40,47.6666,-52.7314,49.57,94,40,10.36
135,Hay River,CA,2022-10-01 04:47:40,60.8156,-115.7999,58.98,67,75,10.36
136,Ardakan,IR,2022-10-01 04:47:40,32.31,54.0175,82.63,10,0,4.32
137,Saint George,US,2022-10-01 04:44:18,37.1041,-113.5841,79.95,35,0,4.61
138,Mankono,CI,2022-10-01 04:47:41,8.0586,-6.1897,70.12,97,77,3.04
139,Novobiryusinskiy,RU,2022-10-01 04:47:41,56.9578,97.7076,33.82,84,100,3.58
140,Cherskiy,RU,2022-10-01 04:47:42,68.75,161.3,33.28,62,100,3.53
141,Canton,CN,2022-10-01 04:45:55,23.1167,113.25,89.55,50,79,8.23
142,Bambous Virieux,MU,2022-10-01 04:48:42,-20.3428,57.7575,74.21,83,75,8.05
143,Portobelo,PA,2022-10-01 04:48:43,9.55,-79.65,75.96,86,100,6.73
144,Mount Isa,AU,2022-10-01 04:48:43,-20.7333,139.5,83.97,17,99,6.91
145,Yuxia,CN,2022-10-01 04:48:43,34.0615,108.6291,75.7,86,99,3.38
146,Iwanai,JP,2022-10-01 04:48:44,42.9744,140.5089,73.33,69,39,8.86
147,Jinchang,CN,2022-10-01 04:48:44,38.4953,102.1739,79.57,16,0,3.22
148,Buribay,RU,2022-10-01 04:48:45,51.9617,58.1592,36.82,87,100,7.94
149,Prestea,GH,2022-10-01 04:48:45,5.4327,-2.1428,72.03,99,100,2.55
150,Akyab,MM,2022-10-01 04:45:43,20.15,92.9,84.02,75,98,4.65
151,Eatonton,US,2022-10-01 04:48:46,33.3268,-83.3885,63.39,80,92,2.64
152,Maua,BR,2022-10-01 04:48:46,-23.6678,-46.4614,63.75,99,100,1.41
153,Naze,JP,2022-10-01 04:48:47,28.3667,129.4833,83.32,62,1,8.16
154,Angoche,MZ,2022-10-01 04:48:47,-16.2325,39.9086,75.16,69,0,0.22
155,Borgarnes,IS,2022-10-01 04:48:47,64.5383,-21.9206,48.25,89,100,11.79
156,Husavik,IS,2022-10-01 04:48:48,66.0449,-17.3389,45.18,98,100,13.56
157,Saskylakh,RU,2022-10-01 04:48:49,71.9167,114.0833,30.92,96,100,8.16
158,Khandbari,NP,2022-10-01 04:48:49,27.3747,87.2039,81.93,57,4,3.44
159,Ust-Koksa,RU,2022-10-01 04:48:49,50.2696,85.6108,32.88,37,67,0.29
160,Nioro,GM,2022-10-01 04:48:50,13.35,-15.75,75.7,96,100,5.21
161,Berlevag,NO,2022-10-01 04:48:50,70.8578,29.0864,41.0,75,100,12.66
162,Tevaitoa,PF,2022-10-01 04:48:50,-16.7833,-151.5,78.1,69,15,5.1
163,Hambantota,LK,2022-10-01 04:48:51,6.1241,81.1185,86.34,74,40,16.11
164,Dakar,SN,2022-10-01 04:47:15,14.6937,-17.4441,79.68,82,11,8.23
165,Meulaboh,ID,2022-10-01 04:48:51,4.1363,96.1285,82.2,74,99,7.16
166,Donghai,CN,2022-10-01 04:48:52,22.9459,115.642,89.02,60,74,12.28
167,Duma,CN,2022-10-01 04:48:52,34.7653,108.135,60.98,97,100,4.43
168,Bilgi,IN,2022-10-01 04:48:53,16.35,75.6167,82.31,63,97,9.48
169,Novo Aripuana,BR,2022-10-01 04:48:53,-5.1206,-60.3797,79.14,59,88,2.73
170,Dunedin,NZ,2022-10-01 04:47:47,-45.8742,170.5036,48.04,66,1,4.36
171,Khani,GE,2022-10-01 04:48:54,41.9563,42.9566,53.17,52,0,0.27
172,Ahipara,NZ,2022-10-01 04:48:54,-35.1667,173.1667,64.15,89,48,9.31
173,Matara,LK,2022-10-01 04:48:22,5.9485,80.5353,81.73,82,85,16.51
174,San Jose,US,2022-10-01 04:45:22,37.3394,-121.895,69.94,71,0,8.05
175,Tamiahua,MX,2022-10-01 04:48:55,21.2667,-97.45,72.21,75,3,3.04
176,Caraballeda,VE,2022-10-01 04:48:55,10.6112,-66.8522,80.85,92,100,4.61
177,Padang,ID,2022-10-01 04:48:56,-0.9492,100.3543,87.85,79,99,4.41
178,Omsukchan,RU,2022-10-01 04:48:56,62.5333,155.8,25.81,81,99,4.12
179,Zalantun,CN,2022-10-01 04:48:57,48.0,122.7167,54.41,38,31,8.19
180,Kaitangata,NZ,2022-10-01 04:48:57,-46.2817,169.8464,47.68,61,0,4.52
181,Stramtura,RO,2022-10-01 04:48:57,47.7833,24.1333,53.2,93,71,3.91
182,Severo-Kurilsk,RU,2022-10-01 04:48:58,50.6789,156.125,47.46,80,89,9.06
183,Harper,LR,2022-10-01 04:48:58,4.375,-7.7169,75.94,85,95,8.46
184,Lagoa,PT,2022-10-01 04:48:59,39.05,-27.9833,68.18,65,5,3.33
185,Neepawa,CA,2022-10-01 04:48:59,50.2289,-99.4664,50.4,86,98,14.41
186,Mar Del Plata,AR,2022-10-01 04:47:01,-38.0023,-57.5575,52.09,86,0,4.61
187,Camacha,PT,2022-10-01 04:50:00,33.0833,-16.3333,67.42,68,20,13.8
188,Upernavik,GL,2022-10-01 04:46:58,72.7868,-56.1549,19.56,84,80,4.25
189,Nipawin,CA,2022-10-01 04:50:01,53.3668,-104.0009,46.44,87,75,10.36
190,Erzin,TR,2022-10-01 04:50:01,36.9559,36.2,78.96,59,0,2.13
191,Dingle,PH,2022-10-01 04:50:02,10.9995,122.6711,87.24,67,74,10.96
192,Muros,ES,2022-10-01 04:50:02,42.7762,-9.0603,60.1,90,93,4.45
193,Takoradi,GH,2022-10-01 04:50:03,4.8845,-1.7554,74.26,93,90,8.43
194,Chuka,KE,2022-10-01 04:50:03,-0.3332,37.6459,64.76,70,36,3.85
195,Kizukuri,JP,2022-10-01 04:50:03,40.8061,140.3861,81.95,64,9,7.65
196,Balkhash,KZ,2022-10-01 04:50:04,46.844,74.9804,38.01,41,0,22.37
197,Zephyrhills,US,2022-10-01 04:50:04,28.2336,-82.1812,69.57,88,100,0.0
198,Nyurba,RU,2022-10-01 04:50:05,63.2842,118.3319,32.25,56,80,3.42
199,Andijon,UZ,2022-10-01 04:50:05,40.7821,72.3442,70.88,32,20,6.91
200,Sovetskoye,RU,2022-10-01 04:50:05,52.2861,85.4131,33.69,78,100,10.18
201,Chapais,CA,2022-10-01 04:50:06,49.7834,-74.8492,46.18,86,100,8.75
202,Katubao,PH,2022-10-01 04:50:06,5.8892,124.8294,91.38,72,83,2.57
203,Narsaq,GL,2022-10-01 04:50:07,60.9167,-46.05,35.87,97,100,7.65
204,Sao Filipe,CV,2022-10-01 04:50:08,14.8961,-24.4956,79.07,83,17,8.12
205,Saquarema,BR,2022-10-01 04:50:08,-22.92,-42.5103,64.76,83,100,9.26
206,Sur,OM,2022-10-01 04:48:20,22.5667,59.5289,85.37,59,2,2.8
207,Mahebourg,MU,2022-10-01 04:50:09,-20.4081,57.7,74.25,83,75,8.05
208,Bloomington,US,2022-10-01 04:50:09,44.8408,-93.2983,62.87,59,100,10.36
209,Salalah,OM,2022-10-01 04:49:30,17.0151,54.0924,80.69,83,75,4.61
210,Springdale,US,2022-10-01 04:45:46,36.1867,-94.1288,56.68,64,0,0.0
211,Labuhan,ID,2022-10-01 04:50:10,-6.8844,112.2051,86.27,65,58,10.0
212,Lagos,NG,2022-10-01 04:49:35,6.5833,3.75,77.32,95,88,2.8
213,Viedma,AR,2022-10-01 04:50:11,-40.8135,-62.9967,58.51,66,100,5.14
214,Pangody,RU,2022-10-01 04:50:11,65.85,74.4859,32.4,66,93,12.24
215,Vardo,NO,2022-10-01 04:50:12,70.3705,31.1107,40.98,87,75,10.36
216,Sfantu Gheorghe,RO,2022-10-01 04:50:12,45.8667,25.7833,62.26,82,34,2.73
217,Port-Gentil,GA,2022-10-01 04:50:13,-0.7193,8.7815,75.92,89,100,10.22
218,Hunchun,CN,2022-10-01 04:50:13,42.8675,130.3581,78.35,50,71,11.86
219,Biltine,TD,2022-10-01 04:50:14,14.5333,20.9167,81.7,41,11,5.08
220,Chokurdakh,RU,2022-10-01 04:50:14,70.6333,147.9167,27.52,67,100,4.99
221,Kaduna,NG,2022-10-01 04:46:55,10.5222,7.4383,67.35,93,42,3.53
222,Cap Malheureux,MU,2022-10-01 04:50:15,-19.9842,57.6142,74.46,61,3,8.99
223,Zhanaozen,KZ,2022-10-01 04:50:15,43.3,52.8,66.31,17,6,13.22
224,Constitucion,CL,2022-10-01 04:45:56,-35.3333,-72.4167,54.75,81,100,6.96
225,Nefteyugansk,RU,2022-10-01 04:50:16,61.0998,72.6035,34.97,47,51,4.79
226,Shingu,JP,2022-10-01 04:48:17,33.7333,135.9833,79.18,58,1,6.89
227,Broken Hill,AU,2022-10-01 04:50:18,-31.95,141.4333,68.74,32,72,7.61
228,Leningradskiy,RU,2022-10-01 04:50:18,69.3833,178.4167,29.26,79,100,8.39
229,Vao,NC,2022-10-01 04:50:18,-22.6667,167.4833,71.15,68,89,17.94
230,Yulara,AU,2022-10-01 04:50:19,-25.2406,130.9889,80.91,20,100,11.77
231,Yagodnoye,RU,2022-10-01 04:51:19,62.55,149.6667,26.24,84,100,3.89
232,Grand Forks,US,2022-10-01 04:48:30,47.9417,-97.4337,60.78,67,75,6.91
233,Rampur,IN,2022-10-01 04:50:17,28.8167,79.0333,83.77,64,0,4.18
234,Manggar,ID,2022-10-01 04:51:20,-2.8833,108.2667,83.95,69,48,5.7
235,Abomey-Calavi,BJ,2022-10-01 04:51:21,6.4485,2.3557,78.66,83,75,12.66
236,Honiara,SB,2022-10-01 04:51:22,-9.4333,159.95,84.36,69,27,4.94
237,Sokoto,NG,2022-10-01 04:51:22,13.0609,5.239,76.5,71,21,3.94
238,Tuktoyaktuk,CA,2022-10-01 04:51:22,69.4541,-133.0374,33.8,86,75,16.11
239,Port Elizabeth,ZA,2022-10-01 04:47:14,-33.918,25.5701,60.31,94,20,16.11
240,Klaksvik,FO,2022-10-01 04:51:23,62.2266,-6.589,50.92,88,98,21.88
241,Saint-Philippe,RE,2022-10-01 04:51:23,-21.3585,55.7679,74.79,77,64,10.74
242,Alice Springs,AU,2022-10-01 04:51:24,-23.7,133.8833,82.22,14,100,12.66
243,Sinyavskoye,RU,2022-10-01 04:51:24,47.277,39.2789,65.75,69,22,3.89
244,Rongcheng,CN,2022-10-01 04:51:25,30.634,117.8517,99.59,33,44,4.34
245,Mayo,US,2022-10-01 04:51:25,38.8876,-76.5119,59.11,93,100,14.97
246,San Quintin,MX,2022-10-01 04:51:26,30.4833,-115.95,67.87,83,2,12.12
247,Pereira Barreto,BR,2022-10-01 04:51:26,-20.6383,-51.1092,67.23,82,84,5.7
248,Shitanjing,CN,2022-10-01 04:51:27,39.2342,106.3439,73.78,42,1,8.39
249,Katsuura,JP,2022-10-01 04:51:27,35.1333,140.3,76.64,65,0,16.84
250,Leh,IN,2022-10-01 04:51:27,34.1667,77.5833,50.47,44,4,6.62
251,Mogadishu,SO,2022-10-01 04:51:28,2.0371,45.3438,80.47,74,20,14.97
252,Lavrentiya,RU,2022-10-01 04:51:28,65.5833,-171.0,38.19,71,97,16.46
253,Cayenne,GF,2022-10-01 04:50:24,4.9333,-52.3333,75.24,94,0,0.0
254,Sao Gabriel Da Cachoeira,BR,2022-10-01 04:51:29,-0.1303,-67.0892,72.54,96,100,1.68
255,Englewood,US,2022-10-01 04:49:05,39.6478,-104.9878,56.12,86,75,9.22
256,Mayskiy,RU,2022-10-01 04:51:29,47.6931,40.1025,60.21,58,42,3.96
257,Asau,RO,2022-10-01 04:51:30,46.4333,26.4,49.12,72,60,4.16
258,Katobu,ID,2022-10-01 04:51:30,-4.9408,122.5276,86.52,62,100,3.71
259,Bom Despacho,BR,2022-10-01 04:51:30,-19.7364,-45.2522,63.68,92,92,7.05
260,Tual,ID,2022-10-01 04:51:31,-5.6667,132.75,82.92,68,86,0.54
261,Isiro,CD,2022-10-01 04:51:31,2.7739,27.616,67.1,98,97,0.45
262,Thongwa,MM,2022-10-01 04:51:32,16.7619,96.5278,84.36,80,100,6.44
263,Qaanaaq,GL,2022-10-01 04:51:32,77.484,-69.3632,11.8,72,45,6.58
264,Mitsamiouli,KM,2022-10-01 04:51:32,-11.3847,43.2844,73.69,78,20,3.44
265,Fortuna Foothills,US,2022-10-01 04:51:33,32.6578,-114.4119,89.69,51,0,10.36
266,Beidao,CN,2022-10-01 04:51:33,34.5686,105.8933,74.62,59,94,5.08
267,Vinnytsya,UA,2022-10-01 04:51:34,49.2328,28.481,55.65,82,87,5.61
268,Palencia,ES,2022-10-01 04:51:19,42.4167,-4.5,46.8,62,100,3.11
269,Saint-Pierre,RE,2022-10-01 04:51:34,-21.3393,55.4781,74.88,54,20,4.61
270,Lichinga,MZ,2022-10-01 04:51:35,-13.3128,35.2406,57.29,82,40,9.22
271,Praxedis Guerrero,MX,2022-10-01 04:51:35,31.3667,-106.0167,73.53,36,24,2.89
272,Aljezur,PT,2022-10-01 04:51:35,37.3191,-8.8033,58.91,57,12,7.34
273,Beatrice,US,2022-10-01 04:51:36,40.2681,-96.747,62.69,48,0,8.05
274,Kotaparh,IN,2022-10-01 04:51:36,19.15,82.35,81.43,67,100,8.52
275,Ellisras,ZA,2022-10-01 04:51:36,-23.6649,27.7443,68.65,42,0,4.9
276,Provideniya,RU,2022-10-01 04:52:37,64.3833,-173.3,38.46,80,100,25.46
277,Spencer,US,2022-10-01 04:52:37,43.1414,-95.1444,60.91,60,0,8.05
278,Beringovskiy,RU,2022-10-01 04:52:38,63.05,179.3167,40.12,84,100,33.33
279,Mizdah,LY,2022-10-01 04:52:38,31.4451,12.9801,82.54,17,100,4.94
280,Maniago,IT,2022-10-01 04:52:38,46.1706,12.7078,56.8,96,20,3.44
281,Vila,PT,2022-10-01 04:52:39,42.0304,-8.1588,45.48,82,93,2.21
282,Olafsvik,IS,2022-10-01 04:52:39,64.8945,-23.7142,46.96,83,100,20.98
283,Velyka Mykhaylivka,UA,2022-10-01 04:52:39,47.0794,29.8514,64.94,58,53,3.0
284,Togur,RU,2022-10-01 04:52:40,58.3631,82.8265,36.36,63,38,6.91
285,Mecca,SA,2022-10-01 04:52:40,21.4267,39.8261,85.23,49,2,1.92
286,Iclod,RO,2022-10-01 04:52:41,46.9833,23.8,48.31,90,74,3.4
287,Bud,US,2022-10-01 04:52:41,39.447,-86.1758,55.42,69,0,7.7
288,Shimoda,JP,2022-10-01 04:52:41,34.6667,138.95,80.96,56,0,8.28
289,Jumla,NP,2022-10-01 04:52:42,29.2747,82.1838,70.34,43,3,4.09
290,Maniitsoq,GL,2022-10-01 04:52:42,65.4167,-52.9,35.56,79,100,8.66
291,Yar-Sale,RU,2022-10-01 04:52:43,66.8333,70.8333,33.73,58,97,16.51
292,Teya,RU,2022-10-01 04:52:43,60.3778,92.6267,36.95,49,63,4.16
293,Barra Patuca,HN,2022-10-01 04:52:43,15.8,-84.2833,79.56,77,100,14.36
294,Bugasong,PH,2022-10-01 04:52:44,11.0439,122.0659,85.68,68,97,5.32
295,Gat,IL,2022-10-01 04:48:09,31.61,34.7642,87.4,75,0,1.63
296,Acapulco,MX,2022-10-01 04:49:52,16.8634,-99.8901,79.92,84,94,3.96
297,Saldanha,ZA,2022-10-01 04:52:44,-33.0117,17.9442,46.45,78,63,9.93
298,Prokhorovka,RU,2022-10-01 04:52:45,51.0374,36.7325,58.57,93,60,6.22
299,Bethel,US,2022-10-01 04:52:16,41.3712,-73.414,56.64,83,0,1.99
300,Sao Joao Da Barra,BR,2022-10-01 04:47:59,-21.6403,-41.0511,67.24,73,97,5.82
301,Hirara,JP,2022-10-01 04:52:46,24.8,125.2833,87.66,74,40,13.8
302,Shimizu,JP,2022-10-01 04:52:46,43.0061,142.8847,80.35,55,3,3.62
303,Menongue,AO,2022-10-01 04:52:46,-14.6585,17.691,62.2,59,19,4.25
304,Hervey Bay,AU,2022-10-01 04:52:03,-25.2986,152.8535,76.01,62,86,7.0
305,Iqaluit,CA,2022-10-01 04:52:47,63.7506,-68.5145,33.53,74,100,11.5
306,Winslow,US,2022-10-01 04:52:47,35.0242,-110.6974,68.18,34,75,10.36
307,Vershino-Shakhtaminskiy,RU,2022-10-01 04:52:48,51.3012,117.8868,46.9,56,100,10.11
308,El Alto,PE,2022-10-01 04:52:48,-4.2714,-81.2147,63.95,78,66,13.22
309,Devonport,AU,2022-10-01 04:52:48,-41.1667,146.35,57.09,51,1,6.22
310,Morant Bay,JM,2022-10-01 04:52:49,17.8815,-76.4093,78.42,83,100,2.71
311,Sitka,US,2022-10-01 04:52:49,57.0531,-135.33,58.89,82,100,14.97
312,Calbuco,CL,2022-10-01 04:52:50,-41.768,-73.1273,43.81,86,2,9.89
313,Nemuro,JP,2022-10-01 04:52:50,43.3236,145.575,68.02,84,67,22.95
314,Kapit,MY,2022-10-01 04:52:51,2.0167,112.9333,94.8,47,100,2.26
315,Japura,ID,2022-10-01 04:52:51,-0.3167,102.35,86.72,71,92,1.66
316,Bayan,CN,2022-10-01 04:52:51,46.0833,127.4,58.53,54,67,3.2
317,Lubao,PH,2022-10-01 04:52:52,14.9167,120.55,92.91,65,17,5.86
318,Hasaki,JP,2022-10-01 04:52:20,35.7333,140.8333,83.21,66,5,17.2
319,Beloha,MG,2022-10-01 04:52:52,-25.1667,45.05,76.41,47,0,5.99
320,Goderich,CA,2022-10-01 04:52:53,43.7501,-81.7165,47.91,87,90,4.61
321,Staryy Nadym,RU,2022-10-01 04:52:53,65.6118,72.6842,32.99,61,100,12.95
322,Washougal,US,2022-10-01 04:52:54,45.5826,-122.3534,66.69,86,0,11.99
323,Uyemskiy,RU,2022-10-01 04:53:54,64.4743,40.8524,44.65,100,100,2.24
324,Mantamados,GR,2022-10-01 04:53:55,39.3117,26.3339,66.25,80,23,2.17
325,Aloleng,PH,2022-10-01 04:53:55,16.1307,119.7824,85.73,68,2,6.31
326,Itoman,JP,2022-10-01 04:53:55,26.1247,127.6694,88.57,66,75,10.36
327,Evensk,RU,2022-10-01 04:53:56,61.95,159.2333,35.02,99,100,8.01
328,Port Hawkesbury,CA,2022-10-01 04:53:56,45.6169,-61.3485,53.58,91,0,9.22
329,Te Anau,NZ,2022-10-01 04:53:57,-45.4167,167.7167,53.55,53,1,3.6
330,Malya,TZ,2022-10-01 04:53:57,-2.9833,33.5167,73.65,55,95,4.14
331,Hami,CN,2022-10-01 04:53:57,42.8,93.45,62.49,31,98,8.03
332,Pahrump,US,2022-10-01 04:53:58,36.2083,-115.9839,79.25,20,0,1.99
333,Bestobe,KZ,2022-10-01 04:53:58,52.4994,73.0975,35.4,52,8,4.45
334,Baykit,RU,2022-10-01 04:53:59,61.67,96.37,35.65,53,81,4.7
335,Springbok,ZA,2022-10-01 04:53:59,-29.6643,17.8865,51.87,43,71,5.19
336,Trelew,AR,2022-10-01 04:53:59,-43.249,-65.3051,55.36,58,19,5.95
337,Rayong,TH,2022-10-01 04:54:00,12.8333,101.4333,85.3,89,100,7.52
338,Lorengau,PG,2022-10-01 04:54:00,-2.0226,147.2712,84.76,63,62,8.43
339,Puerto Escondido,MX,2022-10-01 04:54:01,15.85,-97.0667,77.07,88,69,4.23
340,Hvolsvollur,IS,2022-10-01 04:54:01,63.7533,-20.2243,44.91,94,100,6.11
341,Dicabisagan,PH,2022-10-01 04:54:02,17.0818,122.4157,86.68,65,6,5.7
342,Bilma,NE,2022-10-01 04:54:02,18.6853,12.9164,85.89,36,3,3.85
343,Tura,IN,2022-10-01 04:54:02,25.5198,90.2201,88.63,58,49,2.39
344,Port Blair,IN,2022-10-01 04:54:03,11.6667,92.75,77.04,88,100,10.36
345,Hamilton,US,2022-10-01 04:53:13,39.1834,-84.5333,57.43,63,100,1.01
346,Sanbu,CN,2022-10-01 04:54:04,33.4594,119.1453,91.29,43,48,10.2
347,Antofagasta,CL,2022-10-01 04:54:04,-23.65,-70.4,56.48,82,44,3.11
348,Campbell River,CA,2022-10-01 04:50:43,50.0163,-125.2446,59.45,93,20,2.3
349,Peniche,PT,2022-10-01 04:54:05,39.3558,-9.3811,57.92,93,88,10.96
350,Ko Samui,TH,2022-10-01 04:54:05,9.5357,99.9357,89.51,55,40,4.61
351,Alofi,NU,2022-10-01 04:54:05,-19.0595,-169.9187,75.09,73,23,20.09
352,Santa Maria,BR,2022-10-01 04:52:25,-29.6842,-53.8069,56.44,98,99,2.33
353,Buraydah,SA,2022-10-01 04:54:06,26.326,43.975,70.25,16,0,4.54
354,Miesbach,DE,2022-10-01 04:54:06,47.789,11.8338,47.53,93,87,2.59
355,Kavieng,PG,2022-10-01 04:54:07,-2.5744,150.7967,82.72,73,78,12.5
356,Vanimo,PG,2022-10-01 04:54:07,-2.6741,141.3028,85.19,66,46,9.89
357,Haines Junction,CA,2022-10-01 04:54:08,60.7522,-137.5108,42.75,87,100,3.44
358,Plettenberg Bay,ZA,2022-10-01 04:54:08,-34.0527,23.3716,57.67,74,60,5.86
359,Tiksi,RU,2022-10-01 04:54:09,71.6872,128.8694,19.54,87,59,8.97
360,Vuktyl,RU,2022-10-01 04:54:09,63.8567,57.3094,34.65,83,100,11.81
361,Cariati,IT,2022-10-01 04:54:10,39.4922,16.9594,68.31,85,66,5.46
362,Hofn,IS,2022-10-01 04:54:10,64.2539,-15.2082,45.59,86,100,2.21
363,Mount Gambier,AU,2022-10-01 04:54:11,-37.8333,140.7667,65.23,55,6,6.42
364,Emerald,AU,2022-10-01 04:54:11,-23.5333,148.1667,80.35,33,56,2.95
365,Tazovskiy,RU,2022-10-01 04:54:11,67.4667,78.7,32.79,73,96,13.4
366,Atambua,ID,2022-10-01 04:54:12,-9.1061,124.8925,83.57,62,69,5.35
367,Kalemie,CD,2022-10-01 04:55:12,-5.9475,29.1947,75.15,58,81,5.12
368,Porto-Vecchio,FR,2022-10-01 04:55:13,41.591,9.2795,62.26,63,75,12.66
369,Pisco,PE,2022-10-01 04:55:13,-13.7,-76.2167,61.02,82,0,6.91
370,Smirnykh,RU,2022-10-01 04:55:15,49.75,142.8333,42.93,94,100,5.64
371,Elat,IL,2022-10-01 04:55:15,29.5581,34.9482,80.44,41,0,11.5
372,Vila Franca Do Campo,PT,2022-10-01 04:55:15,37.7167,-25.4333,65.19,86,28,1.77
373,Tilichiki,RU,2022-10-01 04:55:16,60.4667,166.1,35.8,97,100,4.94
374,Saint Anthony,US,2022-10-01 04:55:16,45.0205,-93.218,62.13,65,0,0.0
375,Sibiti,CG,2022-10-01 04:55:17,-3.6819,13.3499,69.84,95,100,2.68
376,Koungou,YT,2022-10-01 04:55:17,-12.7336,45.2042,76.71,73,40,8.05
377,Sao Jose Da Coroa Grande,BR,2022-10-01 04:55:18,-8.8978,-35.1478,73.38,84,28,8.55
378,Sambava,MG,2022-10-01 04:54:22,-14.2667,50.1667,71.6,65,55,8.68
379,Santa Engracia,ES,2022-10-01 04:55:18,41.9406,-1.3245,55.13,81,83,4.41
380,Synya,RU,2022-10-01 04:55:19,65.3718,58.0387,35.15,76,100,11.59
381,Charters Towers,AU,2022-10-01 04:55:19,-20.1,146.2667,83.62,28,83,5.21
382,Port Shepstone,ZA,2022-10-01 04:55:20,-30.7414,30.455,70.03,89,99,18.03
383,Cidreira,BR,2022-10-01 04:55:20,-30.1811,-50.2056,60.3,94,100,11.45
384,Olinda,BR,2022-10-01 04:52:02,-8.0089,-34.8553,76.73,73,40,11.5
385,Yamethin,MM,2022-10-01 04:55:21,20.4333,96.15,80.82,85,100,7.45
386,Toowoomba,AU,2022-10-01 04:55:21,-27.55,151.9667,66.25,67,100,5.99
387,Eregli,TR,2022-10-01 04:55:22,37.5133,34.0467,70.74,45,0,1.63
388,Callaway,US,2022-10-01 04:55:22,30.153,-85.5699,66.0,85,69,5.73
389,Sioux Lookout,CA,2022-10-01 04:51:21,50.1001,-91.917,46.47,93,100,8.05
390,Prince Rupert,CA,2022-10-01 04:55:23,54.3161,-130.3201,58.69,89,100,13.8
391,Shuangcheng,CN,2022-10-01 04:55:23,45.35,126.2833,47.88,51,35,4.9
392,Jalu,LY,2022-10-01 04:55:24,29.0331,21.5482,84.15,29,0,10.07
393,Sayyan,YE,2022-10-01 04:55:24,15.1718,44.3244,63.5,18,1,4.14
394,Xuddur,SO,2022-10-01 04:55:25,4.1213,43.8894,75.94,57,0,16.42
395,Ust-Nera,RU,2022-10-01 04:55:25,64.5667,143.2,25.9,83,100,3.47
396,Ahuimanu,US,2022-10-01 04:55:26,21.4447,-157.8378,81.75,72,0,6.91
397,Altay,CN,2022-10-01 04:55:26,47.8667,88.1167,33.67,41,11,6.46
398,Rome,US,2022-10-01 04:55:27,34.257,-85.1647,62.01,58,0,3.0
399,Mackay,AU,2022-10-01 04:55:27,-21.15,149.2,74.14,56,59,7.85
400,Bayonet Point,US,2022-10-01 04:55:27,28.3267,-82.6834,69.94,89,0,1.01
401,Maragogi,BR,2022-10-01 04:50:51,-9.0122,-35.2225,72.75,84,29,8.05
402,Little Current,CA,2022-10-01 04:55:28,45.9793,-81.9248,51.85,67,2,5.79
403,Wagar,SD,2022-10-01 04:55:28,16.1525,36.2032,82.56,57,29,12.35
404,Ballina,AU,2022-10-01 04:55:29,-28.8667,153.5667,62.78,99,100,14.97
405,Langsa,ID,2022-10-01 04:55:29,4.4683,97.9683,86.02,65,99,3.36
406,Merrill,US,2022-10-01 04:53:52,45.1805,-89.6835,47.97,97,0,0.0
407,Rong Kwang,TH,2022-10-01 04:55:30,18.339,100.3174,83.68,98,100,1.9
408,Sosnytsya,UA,2022-10-01 04:55:30,51.5239,32.4999,57.11,93,62,5.14
409,Dikson,RU,2022-10-01 04:55:31,73.5069,80.5464,34.68,89,100,15.57
410,Yebaishou,CN,2022-10-01 04:55:31,41.3975,119.6408,71.58,43,100,7.11
411,Walvis Bay,NA,2022-10-01 04:56:32,-22.9575,14.5053,56.35,88,100,10.36
412,Innisfail,AU,2022-10-01 04:56:32,-17.5333,146.0333,78.78,57,55,9.22
413,Sabha,LY,2022-10-01 04:56:32,27.0377,14.4283,81.19,17,0,14.16
414,Saint-Paul,RE,2022-10-01 04:56:33,-21.0096,55.2707,75.31,67,7,3.58
415,Kropotkin,RU,2022-10-01 04:56:33,45.4375,40.5756,67.95,56,1,4.56
416,Suba,PH,2022-10-01 04:56:33,10.8438,121.0102,83.66,73,98,4.25
417,Slave Lake,CA,2022-10-01 04:55:45,55.2834,-114.769,53.58,94,0,4.61
418,Katherine,AU,2022-10-01 04:56:34,-14.4667,132.2667,99.07,17,96,11.68
419,Tagusao,PH,2022-10-01 04:56:35,9.1924,117.8141,83.28,74,99,6.02
420,High Level,CA,2022-10-01 04:56:35,58.5169,-117.136,53.71,82,75,0.0
421,Turbiv,UA,2022-10-01 04:56:35,49.3479,28.7212,54.95,85,85,6.4
422,Nantucket,US,2022-10-01 04:53:03,41.2835,-70.0995,58.14,55,100,13.53
423,Mandera,KE,2022-10-01 04:56:36,3.9366,41.867,78.57,53,0,13.65
424,Port Hedland,AU,2022-10-01 04:56:36,-20.3167,118.5667,84.25,54,0,16.11
425,Biak,ID,2022-10-01 04:56:37,-0.9131,122.8766,85.01,60,21,3.15
426,Camana,PE,2022-10-01 04:56:37,-16.6228,-72.7111,60.04,80,84,7.27
427,Teeli,RU,2022-10-01 04:56:37,51.0333,90.2333,30.31,44,52,1.05
428,Panjab,AF,2022-10-01 04:56:38,34.388,67.0233,55.04,22,0,5.03
429,Srednekolymsk,RU,2022-10-01 04:56:38,67.45,153.6833,30.29,90,100,13.53
430,Los Llanos De Aridane,ES,2022-10-01 04:56:38,28.6585,-17.9182,66.13,74,75,10.36
431,Geraldton,AU,2022-10-01 04:56:39,-28.7667,114.6,79.21,38,0,12.66
432,Salisbury,GB,2022-10-01 04:56:14,51.0693,-1.7957,57.51,91,75,9.22
433,Palmer,US,2022-10-01 04:56:39,42.1584,-72.3287,52.52,83,100,2.21
434,Kaniama,CD,2022-10-01 04:56:40,-7.5667,24.1833,67.82,85,65,2.37
435,Kpandu,GH,2022-10-01 04:56:40,6.9954,0.2931,73.89,90,100,1.23
436,Igarka,RU,2022-10-01 04:56:41,67.4667,86.5833,33.75,73,88,10.36
437,Rafai,CF,2022-10-01 04:56:41,4.95,23.9167,68.54,92,29,1.19
438,Beira,MZ,2022-10-01 04:56:41,-19.8436,34.8389,68.09,100,20,5.01
439,Divnogorsk,RU,2022-10-01 04:56:42,55.9594,92.3619,32.74,57,100,11.23
440,Boyabat,TR,2022-10-01 04:56:42,41.4689,34.7667,66.13,61,0,2.44
441,Karratha,AU,2022-10-01 04:56:43,-20.7377,116.8463,80.29,49,2,15.12
442,Manzhouli,CN,2022-10-01 04:56:43,49.6,117.4333,53.31,49,90,8.97
443,Kyra,RU,2022-10-01 04:56:43,49.5776,111.9753,48.51,58,100,11.63
444,Celestun,MX,2022-10-01 04:56:44,20.8667,-90.4,76.57,61,45,6.62
445,Saryg-Sep,RU,2022-10-01 04:56:44,51.5,95.6,26.35,77,88,3.58
446,Jaisalmer,IN,2022-10-01 04:56:45,26.9147,70.9181,88.9,29,0,15.93
447,Bodden Town,KY,2022-10-01 04:56:45,19.2833,-81.25,81.93,72,100,7.29
448,Waipawa,NZ,2022-10-01 04:56:45,-41.4122,175.5153,45.52,93,100,8.97
449,Tocopilla,CL,2022-10-01 04:56:46,-22.092,-70.1979,58.82,69,4,3.22
450,Makokou,GA,2022-10-01 04:56:46,0.5738,12.8642,66.83,99,66,2.51
451,Kaeo,NZ,2022-10-01 04:56:47,-35.1,173.7833,65.32,94,96,10.87
452,Abnub,EG,2022-10-01 04:56:47,27.2696,31.1511,79.02,31,0,6.51
453,Abu Dhabi,AE,2022-10-01 04:53:56,24.4667,54.3667,86.11,74,0,8.05
454,Margate,GB,2022-10-01 04:53:01,51.3813,1.3862,56.3,96,95,1.99
455,Zhigansk,RU,2022-10-01 04:56:48,66.7697,123.3711,29.07,77,100,2.53
456,Huanren,CN,2022-10-01 04:56:48,41.2647,125.3667,73.65,65,90,1.74
457,Morondava,MG,2022-10-01 04:56:48,-20.2833,44.2833,74.59,62,0,1.14
458,Port Lincoln,AU,2022-10-01 04:57:49,-34.7333,135.8667,61.81,66,3,10.07
459,Puerto Del Rosario,ES,2022-10-01 04:57:49,28.5004,-13.8627,71.35,68,75,26.46
460,Cranbrook,CA,2022-10-01 04:57:50,49.4999,-115.7688,53.44,87,40,0.0
461,Saint-Francois,FR,2022-10-01 04:57:50,46.4154,3.9054,49.44,81,100,9.22
462,Andra,RU,2022-10-01 04:57:51,62.5147,65.8878,33.08,56,74,10.49
463,Carauari,BR,2022-10-01 04:57:51,-4.8828,-66.8958,73.8,91,94,4.07
464,Havre-Saint-Pierre,CA,2022-10-01 04:57:51,50.2334,-63.5986,48.2,93,40,6.91
465,Neiafu,TO,2022-10-01 04:57:52,-18.65,-173.9833,79.48,69,75,8.05
466,Kaputa,ZM,2022-10-01 04:57:52,-8.4689,29.6619,75.6,43,44,1.74
467,Pauini,BR,2022-10-01 04:57:53,-7.7136,-66.9764,72.91,76,77,2.98
468,Samarai,PG,2022-10-01 04:57:53,-10.6167,150.6667,83.7,70,5,13.44
469,Bima,ID,2022-10-01 04:57:53,-8.4667,118.7167,85.82,65,77,2.84
470,Pringsewu,ID,2022-10-01 04:57:54,-5.3582,104.9744,89.17,57,63,3.85
471,Gushikawa,JP,2022-10-01 04:57:54,26.3544,127.8686,87.03,62,18,6.62
472,Ulvila,FI,2022-10-01 04:57:55,61.4284,21.871,33.87,93,19,3.44
473,Longonjo,AO,2022-10-01 04:57:55,-12.9067,15.2533,61.75,91,10,3.0
474,Yichun,CN,2022-10-01 04:57:55,47.7,128.9,54.97,42,12,3.49
475,Machico,PT,2022-10-01 04:57:56,32.7,-16.7667,70.72,75,40,12.66
476,San Antonio,US,2022-10-01 04:56:42,29.4241,-98.4936,75.65,45,0,6.67
477,Nueva Guinea,NI,2022-10-01 04:57:56,11.6876,-84.4562,71.53,97,100,3.04
478,El Jicaro,GT,2022-10-01 04:57:57,14.9167,-89.9,72.28,97,82,1.95
479,Kavaratti,IN,2022-10-01 04:57:57,10.5669,72.642,81.37,75,100,9.4
480,Ponte San Nicolo,IT,2022-10-01 04:57:58,45.3705,11.9211,58.98,95,59,7.0
481,Karpogory,RU,2022-10-01 04:57:58,64.0019,44.4451,44.73,97,100,6.46
482,Goure,NE,2022-10-01 04:57:58,13.9835,10.2704,82.92,51,79,3.49
483,Novocheremshansk,RU,2022-10-01 04:57:59,54.3571,50.1666,50.38,75,100,6.15
484,Buin,CL,2022-10-01 04:57:59,-33.7333,-70.75,66.11,67,96,2.57
485,Terrace Bay,CA,2022-10-01 04:57:59,48.7834,-87.1,47.95,90,94,9.6
486,Souillac,MU,2022-10-01 04:58:00,-20.5167,57.5167,68.38,83,75,8.05
487,Tautira,PF,2022-10-01 04:58:00,-17.7333,-149.15,77.2,70,2,6.62
488,Poum,NC,2022-10-01 04:58:01,-20.2333,164.0167,73.72,66,11,16.37
489,Poltavka,RU,2022-10-01 04:58:01,54.3663,71.7632,35.58,54,11,4.05
490,Minab,IR,2022-10-01 04:58:02,27.1467,57.0801,85.95,65,0,2.86
491,Summerville,US,2022-10-01 04:56:34,33.0185,-80.1757,60.6,95,100,6.91
492,Terra Roxa,BR,2022-10-01 04:58:02,-23.8557,-50.0314,53.55,98,69,2.53
493,Chumikan,RU,2022-10-01 04:58:03,54.7183,135.315,47.35,37,13,10.87
494,Anadyr,RU,2022-10-01 04:58:03,64.75,177.4833,37.9,69,40,4.47
495,Adiake,CI,2022-10-01 04:58:04,5.2863,-3.304,74.12,93,91,7.14
496,Chipinge,ZW,2022-10-01 04:58:04,-20.1883,32.6236,68.05,42,19,1.3
497,Eyl,SO,2022-10-01 04:58:04,7.9803,49.8164,79.86,71,53,16.51
498,San Cristobal,VE,2022-10-01 04:54:12,7.7669,-72.225,68.18,99,100,3.65
499,Salinas,US,2022-10-01 04:54:30,36.6777,-121.6555,60.42,81,2,1.1
500,Aripuana,BR,2022-10-01 04:58:05,-9.1667,-60.6333,70.88,96,62,3.56
501,Dabat,ET,2022-10-01 04:58:05,12.9842,37.765,57.16,74,86,2.89
502,Manzanillo,CU,2022-10-01 04:56:38,20.3433,-77.1167,75.43,84,100,4.07
503,Sistranda,NO,2022-10-01 04:58:06,63.7256,8.834,49.96,68,100,9.4
504,Joshimath,IN,2022-10-01 04:59:07,30.5667,79.5667,72.37,54,54,6.13
505,Yinchuan,CN,2022-10-01 04:59:07,38.4681,106.2731,79.61,37,22,4.97
506,Oistins,BB,2022-10-01 04:59:07,13.0667,-59.5333,82.49,83,75,17.27
507,Bo Phloi,TH,2022-10-01 04:59:08,14.3236,99.5161,79.16,84,100,5.99
508,Airai,TL,2022-10-01 04:59:08,-8.9266,125.4092,71.2,73,100,1.32
509,Kongoussi,BF,2022-10-01 04:59:09,13.3258,-1.5347,76.42,74,96,4.56
510,Nkayi,CG,2022-10-01 04:59:09,-4.1841,13.2884,75.33,84,100,5.91
511,Tobe,JP,2022-10-01 04:59:10,33.7447,132.7901,77.9,73,20,6.91
512,Ravar,IR,2022-10-01 04:59:10,31.2656,56.8055,80.49,9,0,0.72
513,Carmen,MX,2022-10-01 04:59:11,18.6333,-91.8333,77.2,70,57,8.28
514,Sinnamary,GF,2022-10-01 04:59:11,5.3833,-52.95,77.36,89,10,10.07
515,Quatre Cocos,MU,2022-10-01 04:55:10,-20.2078,57.7625,74.08,66,13,12.55
516,Obihiro,JP,2022-10-01 04:59:12,42.9172,143.2044,81.81,59,13,1.36
517,Tigil,RU,2022-10-01 04:59:12,57.8,158.6667,44.69,73,94,7.52
518,Rocha,UY,2022-10-01 04:59:13,-34.4833,-54.3333,48.25,94,53,3.53
519,Acari,PE,2022-10-01 04:59:13,-15.4311,-74.6158,63.14,71,86,2.17
520,Flinders,AU,2022-10-01 04:59:13,-34.5833,150.8552,62.19,78,77,4.0
521,Conde,BR,2022-10-01 04:59:14,-7.2597,-34.9075,72.86,94,20,6.91
522,Kirakira,SB,2022-10-01 04:59:14,-10.4544,161.9205,83.12,73,24,6.06
523,Tim,RU,2022-10-01 04:59:15,51.6222,37.1244,56.84,94,81,5.14
524,Valdemarpils,LV,2022-10-01 04:56:17,57.3707,22.5919,42.85,88,39,5.5
525,Angoram,PG,2022-10-01 04:59:15,-4.0625,144.0661,90.66,51,60,8.12
526,Ambanja,MG,2022-10-01 04:54:22,-13.6833,48.45,76.5,59,88,2.51
527,Atasu,KZ,2022-10-01 04:59:16,48.6814,71.6433,35.49,37,0,13.24
528,Palu,ID,2022-10-01 04:59:16,-0.8917,119.8707,90.99,55,40,4.36
529,Quepos,CR,2022-10-01 04:59:17,9.4236,-84.1652,75.18,88,100,2.59
530,Codrington,AU,2022-10-01 04:59:17,-38.2667,141.9667,60.15,71,4,12.01
531,Tabas,IR,2022-10-01 04:59:17,33.5959,56.9244,84.34,14,0,1.32
532,Betsiamites,CA,2022-10-01 04:59:18,48.9413,-68.646,54.0,77,30,7.92
533,Lamisahan,PH,2022-10-01 04:59:18,7.0708,122.1583,86.83,70,40,9.22
534,Rosetta,EG,2022-10-01 04:59:19,31.4044,30.4164,80.98,71,0,6.64
535,Kot Samaba,PK,2022-10-01 04:59:19,28.5522,70.4684,93.56,30,0,14.27
536,Tongliao,CN,2022-10-01 04:59:20,43.6125,122.2653,65.21,43,94,7.43
537,Omagh,GB,2022-10-01 04:59:20,54.6,-7.3,49.55,90,79,12.62
538,Mogwase,ZA,2022-10-01 04:59:21,-25.185,27.2665,67.64,32,1,3.02
539,Lukulu,ZM,2022-10-01 04:59:21,-14.3707,23.242,67.57,31,43,5.1
540,Acarau,BR,2022-10-01 04:59:21,-2.8856,-40.12,77.72,82,78,16.64
541,Kokkola,FI,2022-10-01 04:59:22,63.8385,23.1307,39.92,97,100,0.0
542,Matagami,CA,2022-10-01 04:59:22,49.7502,-77.6328,41.11,87,100,4.61
543,Oktyabrskiy,RU,2022-10-01 04:59:23,54.4815,53.471,45.05,75,100,8.05
544,Umm Kaddadah,SD,2022-10-01 04:59:23,13.6017,26.6876,81.73,56,64,7.67
545,Kirando,TZ,2022-10-01 04:59:24,-7.4167,30.6,79.2,50,69,6.69
546,Scarborough,GB,2022-10-01 04:57:30,54.2797,-0.4044,51.66,91,69,1.99
547,Khomutovka,RU,2022-10-01 04:59:24,51.9207,34.5619,56.68,96,87,6.29
548,Mundo Nuevo,MX,2022-10-01 04:59:25,18.7,-95.5,78.67,67,7,10.25
549,Lasa,IT,2022-10-01 04:59:25,46.6166,10.7002,45.7,94,76,1.92
550,Baillif,GP,2022-10-01 05:00:25,16.0202,-61.7463,74.7,71,100,0.78
551,Bundaberg,AU,2022-10-01 05:00:26,-24.85,152.35,72.59,59,99,9.31
552,Coruripe,BR,2022-10-01 04:57:07,-10.1256,-36.1756,71.4,80,18,5.75
553,Komsomolskiy,UZ,2022-10-01 05:00:27,40.4272,71.7189,65.12,32,100,6.91
554,Polunochnoye,RU,2022-10-01 05:00:27,60.8697,60.4153,29.35,74,72,7.05
555,Tucumcari,US,2022-10-01 05:00:27,35.1717,-103.725,67.12,27,94,11.36
556,Murygino,RU,2022-10-01 05:00:28,58.7383,49.4582,43.29,93,96,8.7
557,Flin Flon,CA,2022-10-01 05:00:29,54.7682,-101.865,44.26,69,100,5.23
